<?xml version="1.0" encoding="UTF-8"?>
<?xml-model href="RelaxNG-3.rnc" type="application/relax-ng-compact-syntax"?>
<letterSeries>
    <letter num="1">

        <title>Letter 1</title>
        <addInfo>The following letter was introduced in Wilde's libel trial by sir Edward Clark,
            Wilde's attorney. Although the letter lends support to the defense case, Clark chose to
            introduce the letter to prevent the defense from introducing the letter in a more
            dramatic fashion during its case.</addInfo>
        <timeStamp>
            <time dateTime="1893-01">January 1893,</time>
            <place location="railway">Babbacombe Cliff</place>
        </timeStamp>
        <greeting>My Own Boy,</greeting>
        <body>Your sonnet is quite <emotion type="happy">lovely</emotion>, and it is a <emotion
                type="happy">marvel</emotion> that those red-roseleaf lips of yours should be made
            no less for the <emotion type="sad">madness</emotion> of music and song than for the
                <emotion type="sad">madness</emotion> of kissing. Your slim <emotion type="happy"
                >gilt</emotion> soul walks between<emotion type="happy"> passion </emotion>and
            poetry. I know Hyacinthus, whom Apollo <emotion type="happy">loved</emotion> so <emotion
                type="sad">madly</emotion>, was you in Greek days. Why are you <emotion type="sad"
                >alone</emotion> in London, and when do you go to Salisbury? Do go there to <emotion
                type="happy">cool</emotion> your hands in the grey twilight of Gothic things, and
            come here whenever you like. It is a <emotion type="happy">lovely</emotion> place and
                <emotion type="sad">lacks</emotion> only you; but go to Salisbury first.</body>
        <signature>Always, with <emotion type="happy">undying love</emotion>, Yours,
            Oscar</signature>
    </letter>

    <letter num="2">

        <title>Letter 2</title>
        <addInfo>The following letter was read by defense attorney Edward Carson during his
            cross-examination of Oscar Wilde in his libel trial. Carson had asked Wilde to read the
            letter, but he declined.</addInfo>

        <timeStamp>
            <time dateTime="1893-03">March 1893,</time>
            <place location="hotel">Savoy Hotel</place>
        </timeStamp>
        <greeting><emotion type="happy">Dearest of All</emotion> Boys,</greeting>
        <body>Your letter was <emotion type="happy">delightful</emotion>, red and yellow wine to me;
            but I am <emotion type="sad">sad</emotion> and out of sorts. Bosie, you must not make
            scenes with me. They <emotion type="sad">kill</emotion> me, they <emotion type="sad"
                >wreck</emotion> the <emotion type="happy">loveliness</emotion> of life. I cannot
            see you, so Greek and <emotion type="happy">gracious</emotion>, <emotion type="sad"
                >distorted</emotion> with <emotion type="happy">passion</emotion>. I cannot listen
            to your curved lips saying <emotion type="sad">hideous</emotion> things to me. I would
            sooner be blackmailed by every renter ["renter"was a slang term for male prostitutes] in
            London than to have you <emotion type="sad">bitter,</emotion><emotion type="sad">
                unjust,</emotion>
            <emotion type="sad">hating.</emotion>You are the <emotion type="happy">divine</emotion>
            thing I want, the thing of <emotion type="happy">grace</emotion> and <emotion
                type="happy">beauty</emotion>; but I don't know how to do it.Shall I come to
            Salisbury? My bill here is 49 pounds for a week. I have also got a new sitting-room over
            the Thames. Why are you not here, my<emotion type="happy"> dear</emotion>, my <emotion
                type="happy">wonderful</emotion> boy? I <emotion type="sad">fear</emotion> I must
            leave; no money, no credit, and a <emotion type="sad">heart of lead</emotion>.</body>
        <signature>Your own, Oscar</signature>
    </letter>

    <letter num="3">
        <addInfo>The following letter was written shortly after Wilde's release from
            prison:</addInfo>
        <title>Letter 3</title>

        <timeStamp>
            <place location="city" >Rouen,</place> <time dateTime="1893-03">August
            1897</time></timeStamp>
        <greeting> My own <emotion type="happy">Darling</emotion> Boy,</greeting>
        <body>I got your telegram <time dateTime="00:30:00">half an hour ago</time>, and just
            send a line to say that I feel that my only <emotion type="happy"
                >hope</emotion> of again doing <emotion type="happy">beautiful</emotion> work in art
            is being with you. It was not so in the old days, but now it is different, and you can
            really recreate in me that energy and sense of <emotion type="happy">joyous</emotion>
            power on which art depends. Everyone is <emotion type="sad">furious</emotion> with me
            for going back to you, but they don't understand us. I feel that it is only with you that I can do anything at all. Do remake my
                <emotion type="sad">ruined</emotion> life for me, and then our <emotion type="happy"
                >friendship</emotion> and <emotion type="happy">love</emotion> will have a different
            meaning to the world. I <emotion type="happy">wish</emotion> that when we met at <place
                location="city">Rouen</place> we had not parted at all. There are such wide abysses now
            of space and land between us. But we <emotion type="happy">love</emotion> each
            other.</body>
        <signature>Goodnight,<emotion type="happy"> dear.</emotion> Ever yours, Oscar</signature>
    </letter>
</letterSeries>
